cymbal,100
piano,101
trumpet,102
soccer,103
life saver,104
hockey,105
fish,106
camel,107
pigeon,108
tomato,109
pepper,110
pumpkin,111
lemon,112
strawberry,113
pear,114
bread,115
canned,116
meat balls,117
carriage,118
hotair balloon,119
printer,120
converter,121
microphone,122
stapler,123
pen/pencil,124
scale,125
stool,126
gas stove,127
vent,128
washing machine,129
barrel/bucket,130
toothpaste,131
cabinet/shelf,132
air conditioner,133
iron,134
clutch,135
hat,136
luggage,137
necklace,138
trophy,139
